-- Seed data: fabricated dataset (δεν είναι το πραγματικό production dump).
-- Παράγεται με σταθερό random seed ώστε να είναι reproducible.

INSERT INTO merchants (id, mid, name) VALUES
  (1, 'MID000101', 'Taverna 1'),
  (2, 'MID000102', 'Kafeneio 2'),
  (3, 'MID000103', 'Kreopoleio 3'),
  (4, 'MID000104', 'Fournos 4'),
  (5, 'MID000105', 'Fournos 5'),
  (6, 'MID000106', 'Mini Market 6'),
  (7, 'MID000107', 'Taverna 7'),
  (8, 'MID000108', 'Taverna 8'),
  (9, 'MID000109', 'Pharmacy 9'),
  (10, 'MID000110', 'Kafeneio 10'),
  (11, 'MID000111', 'Kafeneio 11'),
  (12, 'MID000112', 'Taverna 12'),
  (13, 'MID000113', 'Fournos 13'),
  (14, 'MID000114', 'Fournos 14'),
  (15, 'MID000115', 'Kafeneio 15');

INSERT INTO templates (id, template_name, hardware_model, hardware_family) VALUES
  (1, 'Restaurant Template', 'Desk2600', 'Android'),
  (2, 'Retail Template', 'iwl220', 'PAX'),
  (3, 'Kiosk Template', 'A920', 'Nexi');

INSERT INTO terminals (tid, merchant_id, template_id, serial_number, software_version, sdk_version, scenario_number, hardware_model, hardware_family, enabled, created_on, last_call_stamp) VALUES
  ('T0101001', 1, NULL, 'T0101001SN0001', '13.1.0', '3.7', '0', 'iwl220', 'PAX', 1, DATE_SUB(NOW(), INTERVAL 387 DAY), DATE_SUB(NOW(), INTERVAL 0 DAY)),
  ('T0101002', 1, NULL, 'T0101002SN0002', '12.4.0', '4.2', '13', 'A920', 'Nexi', 1, DATE_SUB(NOW(), INTERVAL 228 DAY), DATE_SUB(NOW(), INTERVAL 15 DAY)),
  ('T0101003', 1, 3, 'T0101003SN0003', '12.4.0', '2.7', '10', 'Move5000', 'Telium2', 1, DATE_SUB(NOW(), INTERVAL 406 DAY), DATE_SUB(NOW(), INTERVAL 60 DAY)),
  ('T0101004', 1, NULL, 'T0101004SN0004', '12.0.1', '2.0', '0', 'Move5000', 'Telium2', 1, DATE_SUB(NOW(), INTERVAL 96 DAY), DATE_SUB(NOW(), INTERVAL 15 DAY)),
  ('T0101005', 1, NULL, 'T0101005SN0005', '12.4.0', '5.5', '0', 'A920', 'Nexi', 1, DATE_SUB(NOW(), INTERVAL 404 DAY), DATE_SUB(NOW(), INTERVAL 15 DAY)),
  ('T0101006', 1, 3, 'T0101006SN0006', '12.0.1', '3.2', '0', 'Desk2600', 'Android', 1, DATE_SUB(NOW(), INTERVAL 397 DAY), DATE_SUB(NOW(), INTERVAL 15 DAY)),
  ('T0102001', 2, NULL, 'T0102001SN0007', '12.4.0', '2.3', '0', 'iwl220', 'PAX', 1, DATE_SUB(NOW(), INTERVAL 153 DAY), DATE_SUB(NOW(), INTERVAL 15 DAY)),
  ('T0102002', 2, NULL, 'T0102002SN0008', '12.4.0', '3.7', '5', 'iCT250', 'Ingenico', 1, DATE_SUB(NOW(), INTERVAL 377 DAY), DATE_SUB(NOW(), INTERVAL 60 DAY)),
  ('T0102003', 2, NULL, 'T0102003SN0009', '12.4.0', '5.9', '0', 'iCT250', 'Ingenico', 1, DATE_SUB(NOW(), INTERVAL 293 DAY), DATE_SUB(NOW(), INTERVAL 3 DAY)),
  ('T0102004', 2, 1, 'T0102004SN0010', '11.2.0', '2.1', '0', 'A920', 'Nexi', 1, DATE_SUB(NOW(), INTERVAL 338 DAY), DATE_SUB(NOW(), INTERVAL 3 DAY)),
  ('T0102005', 2, 2, 'T0102005SN0011', '13.1.0', '5.9', '0', 'Desk2600', 'Android', 1, DATE_SUB(NOW(), INTERVAL 235 DAY), DATE_SUB(NOW(), INTERVAL 200 DAY)),
  ('T0102006', 2, 3, 'T0102006SN0012', '12.4.0', '4.1', '0', 'Desk2600', 'Android', 1, DATE_SUB(NOW(), INTERVAL 401 DAY), DATE_SUB(NOW(), INTERVAL 3 DAY)),
  ('T0103001', 3, NULL, 'T0103001SN0013', '12.0.1', '2.4', '0', 'iCT250', 'Ingenico', 1, DATE_SUB(NOW(), INTERVAL 421 DAY), DATE_SUB(NOW(), INTERVAL 200 DAY)),
  ('T0103002', 3, NULL, 'T0103002SN0014', '11.2.0', '4.7', '0', 'iwl220', 'PAX', 0, DATE_SUB(NOW(), INTERVAL 167 DAY), DATE_SUB(NOW(), INTERVAL 15 DAY)),
  ('T0103003', 3, 2, 'T0103003SN0015', '12.0.1', '2.1', '0', 'Desk2600', 'Android', 1, DATE_SUB(NOW(), INTERVAL 94 DAY), DATE_SUB(NOW(), INTERVAL 0 DAY)),
  ('T0103004', 3, NULL, 'T0103004SN0016', '13.1.0', '3.4', '0', 'iwl220', 'PAX', 1, DATE_SUB(NOW(), INTERVAL 506 DAY), DATE_SUB(NOW(), INTERVAL 200 DAY)),
  ('T0104001', 4, NULL, 'T0104001SN0017', '13.1.0', '4.7', '8', 'Move5000', 'Telium2', 1, DATE_SUB(NOW(), INTERVAL 263 DAY), DATE_SUB(NOW(), INTERVAL 60 DAY)),
  ('T0104002', 4, NULL, 'T0104002SN0018', '12.0.1', '3.0', '0', 'Desk2600', 'Android', 0, DATE_SUB(NOW(), INTERVAL 199 DAY), DATE_SUB(NOW(), INTERVAL 0 DAY)),
  ('T0104003', 4, 2, 'T0104003SN0019', '12.0.1', '4.7', '0', 'Desk2600', 'Android', 1, DATE_SUB(NOW(), INTERVAL 328 DAY), DATE_SUB(NOW(), INTERVAL 3 DAY)),
  ('T0105001', 5, 1, 'T0105001SN0020', '13.1.0', '5.3', '0', 'iwl220', 'PAX', 0, DATE_SUB(NOW(), INTERVAL 329 DAY), DATE_SUB(NOW(), INTERVAL 60 DAY)),
  ('T0105002', 5, NULL, 'T0105002SN0021', '11.2.0', '2.6', '0', 'Desk2600', 'Android', 1, DATE_SUB(NOW(), INTERVAL 304 DAY), DATE_SUB(NOW(), INTERVAL 0 DAY)),
  ('T0105003', 5, NULL, 'T0105003SN0022', '12.0.1', '5.2', '0', 'A920', 'Nexi', 1, DATE_SUB(NOW(), INTERVAL 259 DAY), DATE_SUB(NOW(), INTERVAL 3 DAY)),
  ('T0105004', 5, NULL, 'T0105004SN0023', '11.2.0', '2.8', '0', 'iCT250', 'Ingenico', 1, DATE_SUB(NOW(), INTERVAL 115 DAY), DATE_SUB(NOW(), INTERVAL 0 DAY)),
  ('T0105005', 5, NULL, 'T0105005SN0024', '13.1.0', '5.3', '0', 'A920', 'Nexi', 1, DATE_SUB(NOW(), INTERVAL 229 DAY), DATE_SUB(NOW(), INTERVAL 0 DAY)),
  ('T0106001', 6, NULL, 'T0106001SN0025', '12.4.0', '5.8', '0', 'A920', 'Nexi', 1, DATE_SUB(NOW(), INTERVAL 201 DAY), DATE_SUB(NOW(), INTERVAL 60 DAY)),
  ('T0106002', 6, 2, 'T0106002SN0026', '11.2.0', '4.0', '0', 'Desk2600', 'Android', 0, DATE_SUB(NOW(), INTERVAL 170 DAY), DATE_SUB(NOW(), INTERVAL 60 DAY)),
  ('T0106003', 6, 2, 'T0106003SN0027', '11.2.0', '3.1', '0', 'Desk2600', 'Android', 1, DATE_SUB(NOW(), INTERVAL 159 DAY), DATE_SUB(NOW(), INTERVAL 3 DAY)),
  ('T0106004', 6, NULL, 'T0106004SN0028', '11.2.0', '2.6', '0', 'iCT250', 'Ingenico', 1, DATE_SUB(NOW(), INTERVAL 334 DAY), DATE_SUB(NOW(), INTERVAL 200 DAY)),
  ('T0107001', 7, NULL, 'T0107001SN0029', '12.4.0', '5.2', '0', 'iwl220', 'PAX', 1, DATE_SUB(NOW(), INTERVAL 49 DAY), DATE_SUB(NOW(), INTERVAL 15 DAY)),
  ('T0107002', 7, NULL, 'T0107002SN0030', '11.2.0', '2.8', '12', 'A920', 'Nexi', 1, DATE_SUB(NOW(), INTERVAL 170 DAY), DATE_SUB(NOW(), INTERVAL 15 DAY)),
  ('T0107003', 7, 3, 'T0107003SN0031', '12.4.0', '3.7', '0', 'Move5000', 'Telium2', 1, DATE_SUB(NOW(), INTERVAL 315 DAY), DATE_SUB(NOW(), INTERVAL 15 DAY)),
  ('T0107004', 7, NULL, 'T0107004SN0032', '12.4.0', '2.2', '0', 'Desk2600', 'Android', 1, DATE_SUB(NOW(), INTERVAL 169 DAY), DATE_SUB(NOW(), INTERVAL 0 DAY)),
  ('T0108001', 8, NULL, 'T0108001SN0033', '12.0.1', '4.3', '0', 'iCT250', 'Ingenico', 1, DATE_SUB(NOW(), INTERVAL 71 DAY), DATE_SUB(NOW(), INTERVAL 15 DAY)),
  ('T0108002', 8, NULL, 'T0108002SN0034', '13.1.0', '4.0', '0', 'Desk2600', 'Android', 0, DATE_SUB(NOW(), INTERVAL 115 DAY), DATE_SUB(NOW(), INTERVAL 3 DAY)),
  ('T0108003', 8, NULL, 'T0108003SN0035', '13.1.0', '2.1', '0', 'A920', 'Nexi', 0, DATE_SUB(NOW(), INTERVAL 331 DAY), DATE_SUB(NOW(), INTERVAL 3 DAY)),
  ('T0108004', 8, NULL, 'T0108004SN0036', '12.0.1', '5.2', '0', 'iCT250', 'Ingenico', 0, DATE_SUB(NOW(), INTERVAL 228 DAY), DATE_SUB(NOW(), INTERVAL 15 DAY)),
  ('T0109001', 9, 3, 'T0109001SN0037', '11.2.0', '4.8', '0', 'iwl220', 'PAX', 1, DATE_SUB(NOW(), INTERVAL 169 DAY), DATE_SUB(NOW(), INTERVAL 60 DAY)),
  ('T0109002', 9, 1, 'T0109002SN0038', '12.0.1', '3.6', '0', 'iwl220', 'PAX', 0, DATE_SUB(NOW(), INTERVAL 387 DAY), DATE_SUB(NOW(), INTERVAL 15 DAY)),
  ('T0109003', 9, NULL, 'T0109003SN0039', '12.4.0', '3.1', '0', 'iwl220', 'PAX', 1, DATE_SUB(NOW(), INTERVAL 132 DAY), DATE_SUB(NOW(), INTERVAL 0 DAY)),
  ('T0110001', 10, NULL, 'T0110001SN0040', '12.4.0', '3.3', '0', 'Move5000', 'Telium2', 0, DATE_SUB(NOW(), INTERVAL 68 DAY), DATE_SUB(NOW(), INTERVAL 3 DAY)),
  ('T0110002', 10, NULL, 'T0110002SN0041', '12.4.0', '5.8', '9', 'Move5000', 'Telium2', 1, DATE_SUB(NOW(), INTERVAL 327 DAY), DATE_SUB(NOW(), INTERVAL 0 DAY)),
  ('T0110003', 10, 2, 'T0110003SN0042', '11.2.0', '2.9', '0', 'Move5000', 'Telium2', 1, DATE_SUB(NOW(), INTERVAL 104 DAY), DATE_SUB(NOW(), INTERVAL 15 DAY)),
  ('T0110004', 10, 2, 'T0110004SN0043', '12.0.1', '4.0', '0', 'A920', 'Nexi', 1, DATE_SUB(NOW(), INTERVAL 381 DAY), DATE_SUB(NOW(), INTERVAL 0 DAY)),
  ('T0110005', 10, 3, 'T0110005SN0044', '12.4.0', '5.1', '0', 'iwl220', 'PAX', 1, DATE_SUB(NOW(), INTERVAL 108 DAY), DATE_SUB(NOW(), INTERVAL 15 DAY)),
  ('T0111001', 11, NULL, 'T0111001SN0045', '12.4.0', '5.5', '0', 'iCT250', 'Ingenico', 1, DATE_SUB(NOW(), INTERVAL 260 DAY), DATE_SUB(NOW(), INTERVAL 15 DAY)),
  ('T0111002', 11, NULL, 'T0111002SN0046', '12.0.1', '4.6', '0', 'A920', 'Nexi', 1, DATE_SUB(NOW(), INTERVAL 250 DAY), DATE_SUB(NOW(), INTERVAL 0 DAY)),
  ('T0111003', 11, 3, 'T0111003SN0047', '12.4.0', '5.7', '0', 'iCT250', 'Ingenico', 1, DATE_SUB(NOW(), INTERVAL 119 DAY), DATE_SUB(NOW(), INTERVAL 3 DAY)),
  ('T0111004', 11, NULL, 'T0111004SN0048', '12.4.0', '4.1', '0', 'Desk2600', 'Android', 1, DATE_SUB(NOW(), INTERVAL 134 DAY), DATE_SUB(NOW(), INTERVAL 3 DAY)),
  ('T0112001', 12, 3, 'T0112001SN0049', '11.2.0', '3.7', '0', 'Desk2600', 'Android', 1, DATE_SUB(NOW(), INTERVAL 324 DAY), DATE_SUB(NOW(), INTERVAL 0 DAY)),
  ('T0112002', 12, NULL, 'T0112002SN0050', '13.1.0', '5.6', '0', 'iwl220', 'PAX', 1, DATE_SUB(NOW(), INTERVAL 247 DAY), DATE_SUB(NOW(), INTERVAL 0 DAY)),
  ('T0112003', 12, 1, 'T0112003SN0051', '12.0.1', '5.0', '0', 'iwl220', 'PAX', 1, DATE_SUB(NOW(), INTERVAL 371 DAY), DATE_SUB(NOW(), INTERVAL 0 DAY)),
  ('T0113001', 13, 2, 'T0113001SN0052', '12.4.0', '5.9', '0', 'iCT250', 'Ingenico', 1, DATE_SUB(NOW(), INTERVAL 458 DAY), DATE_SUB(NOW(), INTERVAL 200 DAY)),
  ('T0113002', 13, 2, 'T0113002SN0053', '13.1.0', '5.4', '0', 'iwl220', 'PAX', 1, DATE_SUB(NOW(), INTERVAL 293 DAY), DATE_SUB(NOW(), INTERVAL 15 DAY)),
  ('T0113003', 13, NULL, 'T0113003SN0054', '12.4.0', '5.1', '0', 'iwl220', 'PAX', 1, DATE_SUB(NOW(), INTERVAL 309 DAY), DATE_SUB(NOW(), INTERVAL 3 DAY)),
  ('T0113004', 13, NULL, 'T0113004SN0055', '12.0.1', '3.3', '0', 'Desk2600', 'Android', 1, DATE_SUB(NOW(), INTERVAL 245 DAY), DATE_SUB(NOW(), INTERVAL 3 DAY)),
  ('T0113005', 13, 2, 'T0113005SN0056', '12.4.0', '5.6', '0', 'A920', 'Nexi', 0, DATE_SUB(NOW(), INTERVAL 446 DAY), DATE_SUB(NOW(), INTERVAL 60 DAY)),
  ('T0113006', 13, 1, 'T0113006SN0057', '13.1.0', '5.0', '0', 'Desk2600', 'Android', 1, DATE_SUB(NOW(), INTERVAL 320 DAY), DATE_SUB(NOW(), INTERVAL 15 DAY)),
  ('T0114001', 14, 3, 'T0114001SN0058', '12.0.1', '5.3', '11', 'iCT250', 'Ingenico', 1, DATE_SUB(NOW(), INTERVAL 437 DAY), DATE_SUB(NOW(), INTERVAL 60 DAY)),
  ('T0114002', 14, 2, 'T0114002SN0059', '12.0.1', '5.2', '13', 'A920', 'Nexi', 1, DATE_SUB(NOW(), INTERVAL 518 DAY), DATE_SUB(NOW(), INTERVAL 200 DAY)),
  ('T0114003', 14, NULL, 'T0114003SN0060', '11.2.0', '5.2', '13', 'Desk2600', 'Android', 1, DATE_SUB(NOW(), INTERVAL 141 DAY), DATE_SUB(NOW(), INTERVAL 3 DAY)),
  ('T0114004', 14, NULL, 'T0114004SN0061', '12.4.0', '4.6', '0', 'A920', 'Nexi', 1, DATE_SUB(NOW(), INTERVAL 330 DAY), DATE_SUB(NOW(), INTERVAL 60 DAY)),
  ('T0114005', 14, NULL, 'T0114005SN0062', '11.2.0', '4.3', '0', 'Desk2600', 'Android', 1, DATE_SUB(NOW(), INTERVAL 132 DAY), DATE_SUB(NOW(), INTERVAL 0 DAY)),
  ('T0114006', 14, NULL, 'T0114006SN0063', '12.0.1', '3.2', '0', 'Desk2600', 'Android', 1, DATE_SUB(NOW(), INTERVAL 268 DAY), DATE_SUB(NOW(), INTERVAL 0 DAY)),
  ('T0115001', 15, NULL, 'T0115001SN0064', '12.0.1', '2.2', '0', 'Move5000', 'Telium2', 1, DATE_SUB(NOW(), INTERVAL 324 DAY), DATE_SUB(NOW(), INTERVAL 0 DAY)),
  ('T0115002', 15, 3, 'T0115002SN0065', '13.1.0', '3.1', '10', 'A920', 'Nexi', 1, DATE_SUB(NOW(), INTERVAL 340 DAY), DATE_SUB(NOW(), INTERVAL 3 DAY)),
  ('T0115003', 15, NULL, 'T0115003SN0066', '11.2.0', '4.8', '11', 'Desk2600', 'Android', 1, DATE_SUB(NOW(), INTERVAL 260 DAY), DATE_SUB(NOW(), INTERVAL 15 DAY)),
  ('T0115004', 15, 1, 'T0115004SN0067', '11.2.0', '5.5', '0', 'A920', 'Nexi', 1, DATE_SUB(NOW(), INTERVAL 180 DAY), DATE_SUB(NOW(), INTERVAL 60 DAY));
